Name,StreetAddress,City,State,ZipCode,Country
Allamuchy TT,18 Kennedy Rd,Green Township,NJ,07821,US
Cape May TT,341 Court House South Dennis Rd.,Cape May Court House,NJ,08210,US
Chatsworth TT,3917 County Rd 563,Chatsworth,NJ,08019,US
High Point Hillclimb,High Point Monument,Montague,NJ,07827,US
Kingwood TT,8 Federal Twist Rd,STockton,NJ,08559,US
Sandy Hook TT,South Beach - Area B Sandy Hook,Highlands,NJ,07732,US
Somerset Circuit,48 Readington Rd,Whitehouse Station,NJ,08889,US
Tour of Flanders,Palmer Park,Long Valley,NJ,07853,US
Long Valley TT,51 W. Mill Road,Long Valley,NJ,07853,US
Watts Up TT,1810 Burnt Mills Rd,Bedminster,NJ,07921,US
